{"cameraMode":{"drawMode":0,"name":"Shaded","section":"Shading Mode"},"sceneLighting":false,"audioPlay":false,"sceneViewState":{"showFog":true,"showMaterialUpdate":false,"showSkybox":false,"showFlares":true,"showImageEffects":true,"showParticleSystems":true},"in2DMode":false,"pivot":{"x":-4.996363162994385,"y":1.9819765090942383,"z":39.13314437866211},"rotation":{"x":-0.5435998439788818,"y":0.16975735127925874,"z":-0.11327805370092392,"w":-0.8148936033248901},"size":4.976335525512695,"orthographic":false}