{"cameraMode":{"drawMode":0,"name":"Shaded","section":"Shading Mode"},"sceneLighting":true,"audioPlay":false,"sceneViewState":{"showFog":true,"showMaterialUpdate":false,"showSkybox":false,"showFlares":true,"showImageEffects":true,"showParticleSystems":true},"in2DMode":false,"pivot":{"x":75.64379119873047,"y":4.4412970542907719,"z":-78.67310333251953},"rotation":{"x":0.06584415584802628,"y":-0.9060713648796082,"z":0.14925546944141389,"w":0.3912963271141052},"size":4.604238986968994,"orthographic":false}