{"cameraMode":{"drawMode":0,"name":"Shaded","section":"Shading Mode"},"sceneLighting":true,"audioPlay":false,"sceneViewState":{"showFog":true,"showMaterialUpdate":false,"showSkybox":false,"showFlares":true,"showImageEffects":true,"showParticleSystems":true},"in2DMode":false,"pivot":{"x":-4.76788330078125,"y":5.586198806762695,"z":92.46171569824219},"rotation":{"x":0.341982901096344,"y":0.6255411505699158,"z":-0.3563104569911957,"w":0.6046510934829712},"size":51.10902786254883,"orthographic":false}