{"cameraMode":{"drawMode":0,"name":"Shaded","section":"Shading Mode"},"sceneLighting":true,"audioPlay":false,"sceneViewState":{"showFog":true,"showMaterialUpdate":false,"showSkybox":false,"showFlares":true,"showImageEffects":true,"showParticleSystems":true},"in2DMode":false,"pivot":{"x":-37.309608459472659,"y":13.701295852661133,"z":55.244163513183597},"rotation":{"x":-0.1129145622253418,"y":0.21337658166885377,"z":-0.024627909064292909,"w":-0.9702612161636353},"size":16.34961700439453,"orthographic":false}