{"cameraMode":{"drawMode":0,"name":"Shaded","section":"Shading Mode"},"sceneLighting":true,"audioPlay":false,"sceneViewState":{"showFog":true,"showMaterialUpdate":false,"showSkybox":false,"showFlares":true,"showImageEffects":true,"showParticleSystems":true},"in2DMode":false,"pivot":{"x":-4.663683891296387,"y":5.733261585235596,"z":29.79538345336914},"rotation":{"x":-0.15610061585903169,"y":-0.8409928679466248,"z":0.39192184805870058,"w":-0.34000077843666079},"size":4.301872253417969,"orthographic":false}