{"cameraMode":{"drawMode":0,"name":"Shaded","section":"Shading Mode"},"sceneLighting":false,"audioPlay":false,"sceneViewState":{"showFog":true,"showMaterialUpdate":false,"showSkybox":false,"showFlares":true,"showImageEffects":true,"showParticleSystems":true},"in2DMode":false,"pivot":{"x":3.3218255043029787,"y":2.4991791248321535,"z":2.8599472045898439},"rotation":{"x":-0.02880401536822319,"y":0.96024090051651,"z":-0.10888421535491944,"w":-0.2579911947250366},"size":2.968973159790039,"orthographic":false}