{"cameraMode":{"drawMode":0,"name":"Shaded","section":"Shading Mode"},"sceneLighting":true,"audioPlay":false,"sceneViewState":{"showFog":true,"showMaterialUpdate":false,"showSkybox":false,"showFlares":true,"showImageEffects":true,"showParticleSystems":true},"in2DMode":false,"pivot":{"x":8.336252212524414,"y":2.913034677505493,"z":31.028209686279298},"rotation":{"x":-0.203208327293396,"y":-0.27238449454307558,"z":0.05941243842244148,"w":-0.9387068152427673},"size":4.196979999542236,"orthographic":false}